link_key,our_title,our_brand,our_size,competitor_title,competitor_brand,competitor_size,shop,competitor_price_ron,competitor_url
2:animax_ro,Orijen Original Dog Adult Mini 4.5 kg,Orijen,4500 g,Hrana uscata pentru caini Orijen Original Dog Adult Mini 4.5 kg,orijen,4500 g,animax_ro,294.99,https://animax.ro/products/hrana-uscata-pentru-caini-orijen-original-dog-adult-mini-4-5-kg
3:pentruanimale_ro,Orijen Original Dog Adult Mini 11.4 kg,Orijen,11400 g,"ORIJEN Original Adult Dog, hrană uscată fără cereale câini, 11.4kg",orijen,11400 g,pentruanimale_ro,409.37,https://www.pentruanimale.ro/orijen-original-adult-dog-hrana-uscata-fara-cereale-caini/p
3:petmax_ro,Orijen Original Dog Adult Mini 11.4 kg,Orijen,11400 g,Orijen Adult Original - 11.4 kg,orijen,11400 g,petmax_ro,335.04,https://www.petmax.ro/hrana-uscata-caini/orijen-adult-original-11-4-kg.html
4:animax_ro,Acana Adult Small Breed 2 kg,Acana,2000 g,Hrana uscata pentru caini Acana Dog Adult Small Breed 2 kg,acana,2000 g,animax_ro,107.99,https://animax.ro/products/hrana-uscata-pentru-caini-acana-dog-adult-small-breed-2-kg
4:pentruanimale_ro,Acana Adult Small Breed 2 kg,Acana,2000 g,"ACANA Heritage Adult Small Breed, hrană uscată fără cereale câini, 2kg",acana,2000 g,pentruanimale_ro,80.44,https://www.pentruanimale.ro/acana-dog-adult-small-breed-hrana-uscata-fara-cereale-caini/p
4:petmax_ro,Acana Adult Small Breed 2 kg,Acana,2000 g,"Acana Heritage Adult Small Breed, 2 kg",acana,2000 g,petmax_ro,79.31,https://www.petmax.ro/hrana-uscata-caini/acana-heritage-adult-small-breed-2-kg.html
5:pentruanimale_ro,Acana Adult Small Breed 6 kg,Acana,6000 g,"ACANA Heritage Adult Small Breed, hrană uscată fără cereale câini, 6kg",acana,6000 g,pentruanimale_ro,179.09,https://www.pentruanimale.ro/acana-dog-adult-small-breed-hrana-uscata-fara-cereale-caini/p
5:petmax_ro,Acana Adult Small Breed 6 kg,Acana,6000 g,"Acana Heritage Adult Small Breed, 6 kg",acana,6000 g,petmax_ro,172.10,https://www.petmax.ro/hrana-uscata-caini/acana-heritage-adult-small-breed-6-kg.html
6:animax_ro,Royal Canin Mini Adult 2 kg,Royal Canin,2000 g,Hrana uscata pentru caini Royal Canin Mini Adult 2 kg,royal canin,2000 g,animax_ro,88.79,https://animax.ro/products/hrana-uscata-pentru-caini-royal-canin-mini-adult-2-kg
6:pentruanimale_ro,Royal Canin Mini Adult 2 kg,Royal Canin,2000 g,"ROYAL CANIN Mini Adult, hrană uscată câini, 2kg",royal canin,2000 g,pentruanimale_ro,72.99,https://www.pentruanimale.ro/royal-canin-mini-adult-hrana-uscata-caini/p
6:petmax_ro,Royal Canin Mini Adult 2 kg,Royal Canin,2000 g,Royal Canin Mini Adult 2 kg,royal canin,2000 g,petmax_ro,62.26,https://www.petmax.ro/hrana-uscata-caini/royal-canin-mini-adult-2-kg.html
7:animax_ro,Royal Canin Mini Adult 8 kg,Royal Canin,8000 g,Hrana uscata pentru caini Royal Canin Mini Adult 8 kg,royal canin,8000 g,animax_ro,232.80,https://animax.ro/products/hrana-uscata-pentru-caini-royal-canin-mini-adult-8-kg
7:pentruanimale_ro,Royal Canin Mini Adult 8 kg,Royal Canin,8000 g,"ROYAL CANIN Mini Adult, hrană uscată câini, 8kg",royal canin,8000 g,pentruanimale_ro,228.99,https://www.pentruanimale.ro/royal-canin-mini-adult-hrana-uscata-caini/p
7:petmax_ro,Royal Canin Mini Adult 8 kg,Royal Canin,8000 g,Royal Canin Mini Adult 8 kg,royal canin,8000 g,petmax_ro,199.29,https://www.petmax.ro/hrana-uscata-caini/royal-canin-mini-adult-8-kg.html
8:animax_ro,Royal Canin Maxi Adult 15 kg,Royal Canin,15000 g,Hrana uscata pentru caini Royal Canin Maxi Adult 15 kg,royal canin,15000 g,animax_ro,476.49,https://animax.ro/products/hrana-uscata-pentru-caini-royal-canin-maxi-adult-15-kg
8:pentruanimale_ro,Royal Canin Maxi Adult 15 kg,Royal Canin,15000 g,"ROYAL CANIN Maxi Adult, hrană uscată câini, 15kg",royal canin,15000 g,pentruanimale_ro,354.99,https://www.pentruanimale.ro/royal-canin-maxi-adult-hrana-uscata-caini/p
8:petmax_ro,Royal Canin Maxi Adult 15 kg,Royal Canin,15000 g,Royal Canin Maxi Adult 15 Kg,royal canin,15000 g,petmax_ro,297.04,https://www.petmax.ro/hrana-uscata-caini/royal-canin-maxi-adult-15-kg.html
14:animax_ro,Taste of the Wild High Prairie 2 kg,Taste of the Wild,2000 g,Hrana uscata pentru caini Taste of the Wild High Prairie 2 kg,taste of the wild,2000 g,animax_ro,85.99,https://animax.ro/products/hrana-uscata-pentru-caini-taste-of-the-wild-high-prairie-2-kg
14:petmax_ro,Taste of the Wild High Prairie 2 kg,Taste of the Wild,2000 g,"Taste of the Wild High Prairie Canine Formula, 2 kg",taste of the wild,2000 g,petmax_ro,65.07,https://www.petmax.ro/hrana-uscata-caini/taste-of-the-wild-high-prairie-canine-formula-2-kg.html
18:animax_ro,Royal Canin Instinctive Cat 85 g,Royal Canin,85 g,Hrana umeda pentru pisici Royal Canin Kitten Instinctive 85 g,royal canin,85 g,animax_ro,7.39,https://animax.ro/products/hrana-umeda-pentru-pisici-royal-canin-kitten-instinctive-85-g
18:pentruanimale_ro,Royal Canin Instinctive Cat 85 g,Royal Canin,85 g,"ROYAL CANIN Kitten, hrană umedă pisici, (în aspic), 85g",royal canin,85 g,pentruanimale_ro,6.99,https://www.pentruanimale.ro/royal-canin-kitten-hrana-umeda-pisici-in-aspic-/p
19:petmax_ro,Purina Gourmet Gold Mousse 85 g,Purina,85 g,"Gourmet GOLD Mousse cu Pui, hrana umeda pentru pisici, 85g",purina,85 g,petmax_ro,3.26,https://www.petmax.ro/hrana-umeda-pisici/gourmet-gold-mousse-cu-pui-hrana-umeda-pentru-pisici-85g.html
20:animax_ro,Brit Pate & Meat Beef 400 g,Brit,400 g,Hrana umeda pentru caini Brit Pate & Meat Vita 400g,brit,400 g,animax_ro,12.99,https://animax.ro/products/hrana-umeda-pentru-caini-brit-pate-meat-vita-400g
20:pentruanimale_ro,Brit Pate & Meat Beef 400 g,Brit,400 g,"BRIT Pate & Meat, Vită, conservă hrană umedă fără cereale câini, (pate cu bucăți de carne), 400g",brit,400 g,pentruanimale_ro,10.99,https://www.pentruanimale.ro/brit-pate--meat-vita-conserva-hrana-umeda-fara-cereale-caini-pate-cu-bucati-de-carne/p
21:petmax_ro,Calibra Joy Dog Classic Duck Strips 80 g,Calibra,80 g,"Recompense caini, Calibra Joy Dog Classic Duck Strips 80 g",calibra,80 g,petmax_ro,9.95,https://www.petmax.ro/recompense-delicioase-caini/recompense-caini-calibra-joy-dog-classic-duck-strips-80-g.html
22:petmax_ro,Calibra Joy Dog Classic Chicken Strips 80 g,Calibra,80 g,"Recompense caini, Calibra Joy Dog Classic Beef Sticks 80 g",calibra,80 g,petmax_ro,8.74,https://www.petmax.ro/recompense-delicioase-caini/recompense-caini-calibra-joy-dog-classic-beef-sticks-80-g.html
25:animax_ro,Advance Cat Litter Clumping 10 kg,Advance,10000 g,Hrana uscata pentru pisici Advance Cat Kitten 10 kg,advance,10000 g,animax_ro,394.99,https://animax.ro/products/hrana-uscata-pentru-pisici-advance-cat-kitten-10-kg
25:petmax_ro,Advance Cat Litter Clumping 10 kg,Advance,10000 g,Advance Cat Kitten 10 kg,advance,10000 g,petmax_ro,306.29,https://www.petmax.ro/hrana-uscata-pisici/advance-cat-kitten-10-kg.html
