listing_id,source,title,brand,product_line,net_weight_g,net_volume_ml,pack_count,bonus_weight_g,breed_size_code,life_stage,flavour,food_form,dosage_band,ambiguous
1569,petmax_ro,Recompense delicioase Royal Canin Hypoallergenic Dog 230g,,,,,,,,,,,,
3925,petmax_ro,Ansamblu de joaca pentru pisici tip coloana cu canapea dubla si ciucure culoare portocaliu cu gri 50 x 38 x 30 cm,,,,,,,,,,,,
10208,pentruanimale_ro,"AMANOVA Adult, Curcan, hrană uscată monoproteică fără cereale pisici, 4kg",,,,,,,,,,,,
11166,pentruanimale_ro,"SCHESIR, Ton și Creveți, conservă hrană umedă pisici, (în aspic), 140g",,,,,,,,,,,,
1196,petmax_ro,"Royal Canin Medium Ageing hrana umeda caine senior (in sos), 140 g",,,,,,,,,,,,
29380,animax_ro,Hrana uscata pentru pisici Whiskas Adult cu vita si ficat 14 kg,,,,,,,,,,,,
3415,petmax_ro,Ham caine Julius K9 IDC Power - 2XL - Camuflaj,,,,,,,,,,,,
563,petmax_ro,"Hrana uscata caini, Calibra Dog Premium Line Adult 12+2 kg",,,,,,,,,,,,
10449,pentruanimale_ro,"CALIBRA Life Sterilised, Vită, hrană uscată pisici sterilizate, 1.5kg",,,,,,,,,,,,
10479,pentruanimale_ro,"MERA Cat's Nature, Miel, hrană uscată fără cereale pisici, 400g",,,,,,,,,,,,
28159,animax_ro,Hrana semi-umeda pentru caini Devora Dog GF Semi-moist Mini Caprioara si curcan 5kg,,,,,,,,,,,,
9747,pentruanimale_ro,"PET'S DESSERT Stick, XS-XL, Miel, punguță recompense fără cereale câini, 80g",,,,,,,,,,,,
9370,pentruanimale_ro,"NATURO Low Grain Senior, XS-L, Curcan și Legume, tăviță hrană umedă conținut redus cereale câini senior, (în aspic), 400g",,,,,,,,,,,,
124,petmax_ro,Hrana uscata pentru caini Brit Premium by Nature Junior XL 15 kg,,,,,,,,,,,,
9097,pentruanimale_ro,"ISEGRIM, XS-XL, Curcan, plic hrană umedă monoproteică fără cereale câini, (în sos), 410g",,,,,,,,,,,,
8199,pentruanimale_ro,"SAM'S FIELD Junior Large Breed, L-XL, Miel, hrană uscată conținut redus cereale câini junior, 13kg",,,,,,,,,,,,
29230,animax_ro,Hrana uscata pentru pisici Petkult Cat Adult Sterilized Somon 2kg,,,,,,,,,,,,
3322,petmax_ro,"Jucarie din cauciuc pentru caini, Saturn M-PETS, 14 x 13 x 12 cm",,,,,,,,,,,,
11418,pentruanimale_ro,"INABA Churu Hairball Control, Somon, punguță recompense fără cereale pisici, limitarea ghemurilor de blană, (piure), 56g",,,,,,,,,,,,
28261,animax_ro,"CARNILOVE True Fresh SENIOR cu Pui, 4 kg",,,,,,,,,,,,
29914,animax_ro,Hrana umeda pentru pisici Oasy More Love Ton si sardine 70g,,,,,,,,,,,,
10377,pentruanimale_ro,"UNICA Natura Outdoor, Rață și Orez, hrană uscată pisici, 1.5kg",,,,,,,,,,,,
29513,animax_ro,"HILL's SP Feline Adult Perfect Weight, cu Pui 2,5kg",,,,,,,,,,,,
8881,pentruanimale_ro,"CALIBRA Life Starter & Puppy, XS-XL, Miel, hrană uscată conținut redus cereale câini junior, 2.5kg",,,,,,,,,,,,
2438,petmax_ro,Recompense pisici - Premiao - Skin & Hair - Somon - 50 g,,,,,,,,,,,,
28833,animax_ro,Recompensa pentru caini Wolfpack Sausage Somon 400g,,,,,,,,,,,,
17576,pentruanimale_ro,"Os Presat Trixie din Piele de Vita, Umplut cu Miel, 13 cm, 70 g",,,,,,,,,,,,
30326,animax_ro,Jucarie pentru pisici Kong Cat Bila plutitoare,,,,,,,,,,,,
2304,petmax_ro,"Sheba Mini, Selectii mixte, 6x50g",,,,,,,,,,,,
10993,pentruanimale_ro,"SIGNATURE7 Immune System, Ton și Lapte de Capră, plic hrană umedă fără cereale pisici, sistem imunitar, (mousse), bax, 70g x 12buc",,,,,,,,,,,,
1930,petmax_ro,"Pro Plan OptiDigest Cat Sterilised Adult Chicken, 1.5 kg",,,,,,,,,,,,
17783,pentruanimale_ro,"AGILITY Cubulețe, XS-XL, Vită, găletușa recompense câini, 300g",,,,,,,,,,,,
11160,pentruanimale_ro,"INABA Churu Dashi Delights Silky Broth, Pui și Brânză, plic hrană umedă fără cereale pisici, (topping), 40g",,,,,,,,,,,,
8830,pentruanimale_ro,"CALIBRA Expert Nutrition Neutered, XS-XL, Pui, hrană uscată câini sterilizați, 2kg",,,,,,,,,,,,
29641,animax_ro,Hrana umeda pentru pisici Wellness Core Signature Select cu pui si ficat de pui in sos 79 g,,,,,,,,,,,,
8608,pentruanimale_ro,"Hill's SP Canine Adult Medium Lamb&Rice, 2.5 Kg",,,,,,,,,,,,
1613,petmax_ro,"Royal Canin Urinary Care, 2 kg",,,,,,,,,,,,
10206,pentruanimale_ro,"DEVORA Sterilised, Pui și Curcan, hrană uscată fără cereale pisici sterilizate, 2kg",,,,,,,,,,,,
28920,animax_ro,Recompense pentru caini Beeztees Rulou Piele Pui 4 buc,,,,,,,,,,,,
2050,petmax_ro,"Conserva hrana umeda pisici, Pro Plan Delicate cu Curcan, 85 g",,,,,,,,,,,,
17699,pentruanimale_ro,"Drops Trixie cu Pui, Miel, Burta, 140 g",,,,,,,,,,,,
3921,petmax_ro,Ansamblu de joaca pentru pisici tip turn cu platforma si ciucuri Bej 75 x 45 cm,,,,,,,,,,,,
30269,animax_ro,Jucarie pentru pisici Beeztees Soricel cu Arc,,,,,,,,,,,,
3118,petmax_ro,"Ham reglabil Record, nylon - M 30-51 cm - Rosu",,,,,,,,,,,,
17683,pentruanimale_ro,Os Umplut cu Carne de Miel/Orez,,,,,,,,,,,,
2696,petmax_ro,VETAPRO dental gel dog&cat 30ml,,,,,,,,,,,,
71,petmax_ro,"Hrana uscata caini premium, hipoalergenica - Miel si Orez Julius K-9- 3kg",,,,,,,,,,,,
2369,petmax_ro,"Hrana Umeda fara cereale, Ciao Dashi Delights pentru pisici cu Ton si Somon 70 g",,,,,,,,,,,,
28417,animax_ro,Hrana umeda pentru caini Dolina Noteci Premium Vanat 800gr,,,,,,,,,,,,
2474,petmax_ro,"Nisip silicat, Mon Petit Ami Silicat Lavanda, 7.6 l",,,,,,,,,,,,
30357,animax_ro,Jucarie pentru pisici Pawise Animal Mix,,,,,,,,,,,,
532,petmax_ro,"Hrana uscata caini, Calibra Dog Life Junior Small Breed Chicken 6 kg",,,,,,,,,,,,
2785,petmax_ro,"Sampon Iv San Bernard Orange, pentru caini si pisici, 500ml",,,,,,,,,,,,
29511,animax_ro,"WHISKAS JUNIOR Hrana uscata pentru pisicuţe, cu Pui, 14 kg",,,,,,,,,,,,
2099,petmax_ro,"Royal Canin Sensory Feel, hrana umeda pisica pentru stimularea simtului tactil (in sos), 1 x 85 g",,,,,,,,,,,,
1355,petmax_ro,Vitakraft Baton Dental 3in1 Medium 180 g,,,,,,,,,,,,
9130,pentruanimale_ro,"FRESH FARM Coarse, XS-XL, Vită și dovleac, conservă hrană umedă fără cereale câini, (pate), 400g",,,,,,,,,,,,
10735,pentruanimale_ro,"PURINA Pro Plan Delicate Digestion, Pește, plic hrană umedă pisici, sistem digestiv, (în sos), bax, 85g x 26buc",,,,,,,,,,,,
9752,pentruanimale_ro,"THE PACK Calming Bites, XS-XL, Fructe, punguță recompense funcționale câini, sistem nervos & calmante, 100g",,,,,,,,,,,,
28024,animax_ro,Hrana uscata pentru caini Bosch Mini Junior 15 kg,,,,,,,,,,,,
358,petmax_ro,Hrana uscata puppy Dog&Dog Expert Premium Crestere sanatoasa 3 kg,,,,,,,,,,,,
10072,pentruanimale_ro,"PETKULT Adult Care Balanced Life, Pui, hrană uscată pisici, 7kg",,,,,,,,,,,,
11350,pentruanimale_ro,"MONGE Grill Senior, Macrou, plic hrană umedă fără cereale pisici senior, (în aspic), bax, 85g x 28buc",,,,,,,,,,,,
1380,petmax_ro,"Perfect Snack, recompense delicioase pentru caini, Stick din cod– 80 g",,,,,,,,,,,,
9617,pentruanimale_ro,"RAW PALEO Mini Adult, XS-S, Vită, tăviță hrană umedă monoproteică fără cereale câini, alergii, (pate), 150g",,,,,,,,,,,,
30100,animax_ro,Snack lichid pentru pisici Vitakraft Rata 6x15g,,,,,,,,,,,,
30054,animax_ro,"MY LOVE Multipack Hrana umeda pentru pisici, cu Iepure si Vita 4x85g",,,,,,,,,,,,
10905,pentruanimale_ro,"ULTIMA Fit & Delicious Sterilised, Somon, plic hrană umedă pisici sterilizate, (în sos), bax, 85g x 24buc",,,,,,,,,,,,
1625,petmax_ro,"ROYAL CANIN Feline Care Nutrition Hair&Skin Care, plic hrană umedă pisici, piele și blană, (în sos), 1x85g",,,,,,,,,,,,
17511,pentruanimale_ro,"Batoane Piele Rasucita 7-8 mm 12 cm, 100 buc",,,,,,,,,,,,
1597,petmax_ro,Recompense caini - Crackers Collagen+ cu gust de rata - 6 bucati / 90 g,,,,,,,,,,,,
8360,pentruanimale_ro,"ROYAL CANIN Beagle Adult, hrană uscată câini, 3kg",,,,,,,,,,,,
10192,pentruanimale_ro,"PURINA Pro Plan Healthy Start Kitten, Pui, hrană uscată pisici junior, 400g",,,,,,,,,,,,
702,petmax_ro,"Orijen 6 Pesti Caini – Orijen 6 Fish 11,4 kg",,,,,,,,,,,,
3274,petmax_ro,"Cusca transport animale MPB GIPSY L, 58x38x38 cm, usa metal, Galben",,,,,,,,,,,,
30179,animax_ro,Recompense pentru pisici Rosewood Advent Calendar 70g,,,,,,,,,,,,
30086,animax_ro,"Recompense pentru pisici CHURU cu pui, 4 PLICURI x 14g",,,,,,,,,,,,
28860,animax_ro,Recompense pentru caini Lily's Kitchen Festive Dog Turkey Jerky 70g,,,,,,,,,,,,
1099,petmax_ro,Hill's SP Canine Adult Chicken 370 g,,,,,,,,,,,,
28452,animax_ro,Hrana umeda pentru caini Dolina Noteci Mini cu iepure si fasole 185gr,,,,,,,,,,,,
1869,petmax_ro,"Hrana Uscata pentru Pisici, NashiDay Premium Urban, Somon si Orez, 1.5 kg",,,,,,,,,,,,
2117,petmax_ro,"Hrana Umeda fara cereale, Ciao Dashi pentru pisici cu Pui 70 g",,,,,,,,,,,,
28279,animax_ro,"FRISKIES Hrana uscata ACTIVE pentru caini Adulţi, cu Vita si Cereale, 10+5kg",,,,,,,,,,,,
8333,pentruanimale_ro,Cookie Complete Plus Adult Vita si Legume 10 kg,,,,,,,,,,,,
2561,petmax_ro,"Asternut bentonita pentru pisici Wonder White, 10 kg, aroma Pudra de talc",,,,,,,,,,,,
3908,petmax_ro,"Jucarie interactiva pentru pisici GAMMA M-PETS 16,2 x 16,2 x 7,8 cm",,,,,,,,,,,,
28782,animax_ro,Recompense pentru caini Purina Dentalife Medium 12-25kg 115g,,,,,,,,,,,,
1641,petmax_ro,"Royal Canin Appetite Control Care, 2 kg",,,,,,,,,,,,
11379,pentruanimale_ro,"INABA Ciao Dashi Delights, Ton, bol hrană umedă fără cereale pisici, (în sos), 70g",,,,,,,,,,,,
478,petmax_ro,"Hrana uscata pentru caini, Brit Fresh Turkey and Pea Light Fit and Slim 2.5 kg",,,,,,,,,,,,
843,petmax_ro,Hrana uscata pentru caini junior Nutribest Puppy Sensitive Somon si Orez 15 kg,,,,,,,,,,,,
10399,pentruanimale_ro,"AMANOVA Sterilised, Somon, hrană uscată monoproteică pisici sterilizate, 1.5kg",,,,,,,,,,,,
17595,pentruanimale_ro,"PEDIGREE Ranchos, recompense câini, fâșii uscate, Pui, 70g",,,,,,,,,,,,
30295,animax_ro,Jucarie pentru pisici Pawise Teaser Mouse 17cm,,,,,,,,,,,,
8581,pentruanimale_ro,"BRIT Care Mini Sensitive, XS-S, Vânat, hrană uscată fără cereale câini, sensibilităţi digestive, 400g",,,,,,,,,,,,
3946,petmax_ro,Mon Petit Ami Ansamblu de Joaca pentru Pisici - CAT4068 - 69x40xH79cm,,,,,,,,,,,,
8988,pentruanimale_ro,"MEGLIUM Puppy, S-XL, Pui, hrană uscată câini junior, 14kg",,,,,,,,,,,,
29261,animax_ro,Hrana uscata pentru pisici Advance Sterilised Adult cu curcan 15 kg,,,,,,,,,,,,
744,petmax_ro,"Acana Wild Prairie Dog, hrana uscata fara cereale, 11,4 kg",,,,,,,,,,,,
474,petmax_ro,"Hrana uscata pentru caini, Brit Fresh Fish and Pumpkin Adult Large 12 kg",,,,,,,,,,,,
